	Bestandsnaam	Freq.	Percent	Cum.	Popularity
	GBAPERSOONTAB	933	4.82	36.60	high
	GBAADRESOBJECTBUS	593	3.06	24.82	high
	HOOGSTEOPLTAB	564	2.91	44.70	high
	GBAHUISHOUDENSBUS	534	2.76	28.43	high
	INHATAB	456	2.36	49.62	high
	VSLGWBTAB	442	2.28	92.80	high
	SPOLISBUS	424	2.19	85.28	high
	INPATAB	400	2.07	51.68	high
	NIETVSLGWBTAB	365	1.89	68.27	high
	SECMBUS	351	1.81	81.51	high
	IHI	317	1.64	46.82	high
	KINDOUDERTAB	297	1.53	58.20	high
	GBAOVERLIJDENTAB	257	1.33	31.32	high
	ABR	256	1.32	1.32	high
	VEHTAB	256	1.32	88.09	high
	IPI	245	1.27	54.75	high
	EBB	233	1.20	17.56	high
	BAANKENMERKENBUS	219	1.13	6.03	high
	DO	183	0.95	15.41	medium
	ONDERWIJSINSCHRTAB	182	0.94	70.02	medium
	POLISBUS	177	0.91	73.70	medium
	GBAADRESBUS	170	0.88	21.48	medium
	GBABURGERLIJKESTAATBUS	166	0.86	25.67	medium
	BETAB	162	0.84	9.37	medium
	GBAMIGRATIEBUS	162	0.84	29.30	medium
	MEDICIJNTAB	157	0.81	62.85	medium
	BAANSOMMENTAB	152	0.79	7.19	medium
	DOODOORZTAB	151	0.78	16.27	medium
	ZELFSTANDIGENTAB	149	0.77	98.42	medium
	BIJSTANDPERSOONBUS	136	0.70	10.54	medium
	ZVWZORGKOSTENTAB	134	0.69	99.80	medium
	AOTOTPERSOONBUS	123	0.64	3.35	medium
	EIGENDOMWOZBAGTAB	115	0.59	19.26	medium
	INTEGRAAL_VERMOGENSBESTAND	111	0.57	53.16	medium
	WWPERSOONBUS	108	0.56	97.24	medium
	GBANATIONALITEITBUS	102	0.53	30.00	medium
	EBBNW	101	0.52	18.08	medium
	NFO	99	0.51	65.79	medium
	VSLPOSTCODEBUS	96	0.50	93.35	low
	EIGENDOMTAB	93	0.48	18.65	low
	ONDERWIJSDEELNEMERSTAB	93	0.48	69.08	low
	BEBUS	89	0.46	8.37	low
	GBAPERSOONKTAB	89	0.46	31.78	low
	IPO	83	0.43	55.18	low
	AOTOTuitkering	82	0.42	4.28	low
	LMR_BASIS	82	0.42	60.93	low
	INSCHRWPOTAB	81	0.42	52.54	low
	DIPLOMAHOTAB	80	0.41	13.93	low
	BAANVTVBUS	79	0.41	7.60	low
	DIPLOMAMBOTAB	79	0.41	14.34	low
	KOPPELPERSOONHUISHOUDEN	77	0.40	58.66	low
	POLISIKOBUS	77	0.40	74.13	low
	EXAMVOTAB	76	0.39	20.30	low
	GEMSTPLBUS	72	0.37	39.78	low
	POLISIKPBUS	72	0.37	74.50	low
	LEVCYCLWOONNIETWOONBUS	71	0.37	60.13	low
	PARTNERBUS	71	0.37	71.45	low
	JGDHULPBUS	70	0.36	56.26	low
	VERDTAB	69	0.36	88.60	low
	CIS	68	0.35	12.71	low
	GECON	64	0.33	38.27	low
	PS_INDUSTRIE	64	0.33	77.50	low
	GEMEENTESTPLTAB	62	0.32	38.96	low
	INSCHRWECTAB	62	0.32	52.12	low
	VSVTAB	60	0.31	93.75	low
	BIJSTANDUITKERINGTAB	58	0.30	10.97	low
	WOON	58	0.30	95.07	low
	GEBWLZTAB	57	0.29	37.57	low
	NEA	57	0.29	65.27	low
	ABR_Regio	56	0.29	1.71	low
	JGDBESCHERMBUS	56	0.29	55.90	low
	LMR_DIAGN	56	0.29	61.22	low
	MSZSUBTRAJECTENTAB	55	0.28	64.27	low
	CITOTAB	54	0.28	12.99	low
	GBAADRESGEBEURTENISBUS	52	0.27	21.75	low
	AOTOTUITKERINGTAB	51	0.26	3.86	low
	BTW	51	0.26	11.88	low
	GEMON	51	0.26	39.22	low
	LBZBASISTAB	50	0.26	59.52	low
	OVUITKPERSOONBUS	50	0.26	71.08	low
	PS_COMMERCIELEDIENSTEN	50	0.26	75.99	low
	INDICAWBZTAB	49	0.25	47.07	low
	POLS_GEZOND	49	0.25	75.08	low
	STUDERENDENBUS	49	0.25	86.18	low
	BIJSTANDJAARBEDRAGTAB	48	0.25	9.76	low
	POLS_BASIS	48	0.25	74.83	low
	MIGMOTIEFBUS	46	0.24	63.27	low
	MSZGELEVERDZORGPROFIELTAB	46	0.24	63.60	low
	NIETGBAPERSOONTAB	46	0.24	66.22	low
	WMOBUS	46	0.24	94.67	low
	WWJAARBEDRAGTAB	46	0.24	96.61	low
	ZORGMVTAB	46	0.24	98.66	low
	GBAVERBINTENISPARTNERBUS	45	0.23	37.11	low
	PS_BOUWNIJVERHEID	45	0.23	75.73	low
	RIO	45	0.23	79.17	low
	BAANPRSJAARBEDRAGTAB	44	0.23	6.26	low
	HDIPLOMAREGTAB	44	0.23	41.29	low
	JGDRECLASBUS	44	0.23	56.48	low
	AOTOTUITKERINGATAB	43	0.22	3.59	low
	PS_GROOTHANDEL	43	0.22	77.11	low
	AOTOTJAARBEDRAGTAB	42	0.22	2.62	low
	EIGENDOMWOZTAB	42	0.22	19.48	low
	HALTTAB	42	0.22	41.03	low
	VRLMIGMOTBUS	42	0.22	90.07	low
	WRGPLUS	42	0.22	95.40	low
	WSNPTAB	42	0.22	95.92	low
	PS_DETAILHANDEL	41	0.21	76.37	low
	PS_TRANSPORT	40	0.21	78.11	low
	Kinderopvang	39	0.20	59.21	low
	GEBWMOTAB	38	0.20	37.77	low
	GECONextrasportenbeweegvariabelen	38	0.20	38.50	low
	INVESTERINGEN	38	0.20	53.37	low
	KOPPELTABELIKVIDBAANRUGIDTAB	38	0.20	58.85	low
	WANBZVWTAB	38	0.20	94.10	low
	LMR_VERRICHT	37	0.19	61.76	low
	INDICWLZTAB	36	0.19	47.26	low
	RINADRESRUGNRRELATIEBUS	36	0.19	78.93	low
	WUSUITKERING1ATAB	36	0.19	96.31	low
	GEMSTPLAATSBUS	35	0.18	39.41	low
	LMR_GBA_UNICITEIT	35	0.18	61.40	low
	WSNPBUS	35	0.18	95.58	low
	BAGPLUS	34	0.18	7.78	low
	GGZDBCTRAJECTENHOOFDDIAGTAB	34	0.18	40.42	low
	PENSOVPERSOONBUS	34	0.18	72.24	low
	PS_DELFSTOFFENWINNING	34	0.18	76.16	low
	WWUITKERINGINT	34	0.18	97.46	low
	ZORGZVTAB	34	0.18	98.83	low
	GEBZZVTAB	33	0.17	37.94	low
	GGZDBCTRAJECTENTAB	33	0.17	40.59	low
	HO	33	0.17	41.79	low
	OPLNIV	33	0.17	70.31	low
	LBZDIAGNOSENTAB	32	0.17	59.69	low
	NIETGBANATIONALITEITBUS	32	0.17	65.96	low
	OVARBEIDBUS	32	0.17	70.50	low
	RTD	32	0.17	79.33	low
	VSLGTAB	32	0.17	90.51	low
	WSW	32	0.17	96.09	low
	BRINADRESSEN	31	0.16	11.25	low
	BRINTAB	31	0.16	11.50	low
	VRLGBAADRESOBJECTBUS	31	0.16	89.45	low
	VSLCOORDTAB	31	0.16	90.35	low
	HKSTAB	30	0.15	41.62	low
	PS_DIENSTVERLENINGLANDBOUW	30	0.15	76.53	low
	VEILIGHEIDSMONITOR	30	0.15	88.24	low
	GBAMIGRATIEGEBEURTENISBUS	29	0.15	29.45	low
	GEMWIJKSTPLTAB	29	0.15	39.93	low
	IPO_VERMOGEN	29	0.15	55.45	low
	KOPPELTABELZELFSTANDIGEN	29	0.15	59.00	low
	RDWNPACTTAB	29	0.15	78.60	low
	ZELFSTANDIGENMNDBEDRAGBUS	28	0.14	97.65	low
	ZVWKOSTENTAB	28	0.14	98.99	low
	ZWPERSOONMNDBEDRAGBUS	28	0.14	99.95	low
	BESTAANDEKOOPWONINGEN	27	0.14	8.54	low
	PRNL	27	0.14	75.23	low
	ADRESGWBTAB	26	0.13	1.93	low
	EXAMVOVAKTAB	26	0.13	20.44	low
	GEDETINEERDENTAB	26	0.13	38.64	low
	OVUITKJAARBEDRAGTAB	26	0.13	70.77	low
	PENSIOENDEELNEMINGEN	26	0.13	71.90	low
	VTVPERSOONTAB	26	0.13	93.91	low
	MSZOVERIGEZORGPRODUCTENTAB	25	0.13	63.72	low
	PENSOVJAARBEDRAGTAB	25	0.13	72.03	low
	PROVJZTAB	25	0.13	75.38	low
	SRGVOORZIENINGPWETTAB	25	0.13	85.85	low
	ARBBUITLANDBUS	24	0.12	4.81	low
	DIPLOMAVAVOTAB	24	0.12	14.46	low
	HUURENQUETE	24	0.12	44.98	low
	IPOREVA	24	0.12	55.30	low
	MBO_DEELNEMERS	24	0.12	61.96	low
	PENSIOENAANSPRAKEN	24	0.12	71.77	low
	PS_ENERGIEWATER	24	0.12	76.77	low
	ZVWWVPTAB	24	0.12	99.11	low
	AOWJAARBEDRAGTAB	23	0.12	4.40	low
	BUS	23	0.12	12.07	low
	CWITAB	23	0.12	13.33	low
	GGZDBCDIAGNOSEHOOFDDIAGTAB	23	0.12	40.05	low
	INPBEIDTAB	23	0.12	51.80	low
	MSZPRESTATIESVEKTTAB	23	0.12	63.84	low
	PS_ENERGIE	23	0.12	76.65	low
	PS_GEZONDHEIDSWELZIJNSZORG	23	0.12	76.89	low
	PS_SPEURONTWIKKELING	23	0.12	77.91	low
	SEC	23	0.12	79.53	low
	VRLGBAPERSOONTAB	23	0.12	89.85	low
	WSNPPERSBUS	23	0.12	95.70	low
	ANWPERSOONBUS	22	0.11	2.24	low
	BRINWPOWECTAB	22	0.11	11.61	low
	ENERGIEVERBRUIKTAB	22	0.11	19.66	low
	GBASAMENWONERSBUS	22	0.11	36.71	low
	IHG	22	0.11	45.18	low
	IVM	22	0.11	55.56	low
	LISS_KOPPEL	22	0.11	60.51	low
	MSZZORGACTIVITEITENVEKTTAB	22	0.11	64.38	low
	NCOTOOL	22	0.11	64.97	low
	PS_AUTOHANDEL	22	0.11	75.49	low
	RESTUITKPERSOONMNDBEDRAGBUS	22	0.11	78.72	low
	SECMDTFBUS	22	0.11	81.62	low
	SECMPENSIOENMNDBEDRAGBUS	22	0.11	81.82	low
	AOWPERSOONBUS	21	0.11	4.52	low
	GBASCHEIDINGENMASSATAB	21	0.11	36.82	low
	PS_WATERAFVAL	21	0.11	78.22	low
	SECMWERKNDGAMNDBEDRAGBUS	21	0.11	82.21	low
	SPOLISLONGBAANTAB	21	0.11	85.47	low
	SRG	21	0.11	85.58	low
	GGZDBCDIAGNOSETAB	20	0.10	40.15	low
	MSZZORGACTIVITEITENVEKTTAB2020	20	0.10	64.48	low
	PS_MILIEUDIENSTVERLENING	20	0.10	77.60	low
	PS_ONROERENDGOED	20	0.10	77.70	low
	SECMWERKLMNDBEDRAGBUS	20	0.10	82.10	low
	WGPERSOONMNDBEDRAGBUS	20	0.10	94.35	low
	BIGTAB	19	0.10	9.51	low
	LMR_GBA_UNICITEIT_PJ	19	0.10	61.57	low
	SECMBIJSTMNDBEDRAGBUS	19	0.10	79.69	low
	SECMZIEKTEAOMNDBEDRAGBUS	19	0.10	82.31	low
	SECMZLFMNDBEDRAGBUS	19	0.10	82.40	low
	SFGO	19	0.10	82.52	low
	VO_LEERL	19	0.10	89.09	low
	ANWJAARBEDRAGTAB	18	0.09	2.11	low
	BDK	18	0.09	7.87	low
	HO_DEELNEMERS	18	0.09	44.79	low
	ICTBEDRIJVEN	18	0.09	45.07	low
	JZPLUSTAB	18	0.09	56.66	low
	LIFELINES_KOPPEL	18	0.09	60.22	low
	PERSOONINKBEIDTAB	18	0.09	72.41	low
	PGBWLZWMOJWTAB	18	0.09	72.55	low
	PINKZELFST	18	0.09	72.75	low
	PWETSRGVOORZIENINGTAB	18	0.09	78.44	low
	SOCSAMWELZIJN	18	0.09	83.09	low
	VO_EXAM	18	0.09	88.99	low
	VRLGBAGEBOORTEGEMEENTETAB	18	0.09	89.57	low
	VRLGBAHUISHOUDENSBUS	18	0.09	89.66	low
	AO	17	0.09	2.41	low
	AOTOTMNDBEDRAGBUS	17	0.09	2.71	low
	DOELGROEPREGISTER	17	0.09	15.49	low
	GGZDBCGELEVERDZORGPROFIELTAB	17	0.09	40.24	low
	GGZDBCZRGPROFIELHOOFDDIAGTAB	17	0.09	40.68	low
	MSZPRESTATIESVEKTTAB2021	17	0.09	63.98	low
	NIETGBAVERBLIJFBUS	17	0.09	66.31	low
	SLOTAB	17	0.09	82.96	low
	SRGPERSOONPWETBUS	17	0.09	85.72	low
	VSLVIERKANTTAB	17	0.09	93.44	low
	GWUBUS	16	0.08	40.79	low
	INWARD_FATS	16	0.08	53.46	low
	NBAANSLEUTELSTAB	16	0.08	64.85	low
	OVIN	16	0.08	70.64	low
	POLISLONGBAANTAB	16	0.08	74.58	low
	PS_SOCIALEWERKVOORZIENING	16	0.08	77.79	low
	SECMOVACTMNDBEDRAGBUS	16	0.08	81.71	low
	SECMSOCVOORZOVMNDBEDRAGBUS	16	0.08	82.00	low
	SPOLISHOOFBAANBUS	16	0.08	85.36	low
	UITKBUITLANDBUS	16	0.08	86.40	low
	UITSTROOMOMTAB	16	0.08	86.50	low
	VOCL	16	0.08	88.86	low
	ANWUITKERING1ATAB	15	0.08	2.32	low
	BAANSLEUTELSINT	15	0.08	6.41	low
	BIJSTANDUITKERINGINT	15	0.08	10.67	low
	DRT_BEID	15	0.08	16.35	low
	LEEFTIJDBOV	15	0.08	59.76	low
	MBO_GESLAAGDEN	15	0.08	62.04	low
	NIETVSLGTAB	15	0.08	66.39	low
	PENSOVPERSOONMNDBEDRAGBUS	15	0.08	72.32	low
	SECMSBIBUS	15	0.08	81.91	low
	UITSTROOMRECHTERTAB	15	0.08	86.58	low
	VIB	15	0.08	88.69	low
	WEA	15	0.08	94.23	low
	AOW_AANSPRAKEN_TOTAAL	14	0.07	4.64	low
	BAANPRSMNDBEDRAGBUS	14	0.07	6.33	low
	BIJSTANDMNDBEDRAGBUS	14	0.07	9.83	low
	CAKZMV	14	0.07	12.21	low
	LINHNIVEL	14	0.07	60.33	low
	NABIJHEIDZORGTAB	14	0.07	64.77	low
	WMOTAB	14	0.07	94.74	low
	WWMNDBEDRAGBUS	14	0.07	96.68	low
	BJZAWBZTAB	13	0.07	11.09	low
	BUDGETONDERZOEK	13	0.07	11.95	low
	FAILLISSEMENTEN	13	0.07	20.51	low
	HFDBAANBUS	13	0.07	41.40	low
	LMR_GBA_UNICITEIT_COMPLEET	13	0.07	61.47	low
	PAS	13	0.07	71.51	low
	PWETSRGPERSOONBUS	13	0.07	78.35	low
	SECMBEURSMNDBEDRAGBUS	13	0.07	79.60	low
	SRGVOORZIENINGTAB	13	0.07	85.92	low
	WLZZINTAB	13	0.07	94.43	low
	CAKZZV	12	0.06	12.28	low
	COOL5-18NWO	12	0.06	13.12	low
	ENERGIEVERBRUIK	12	0.06	19.55	low
	GBA_OK	12	0.06	37.21	low
	HO_GESLAAGDEN	12	0.06	44.85	low
	KOPPELBAANSLEUTELSTAB	12	0.06	58.26	low
	LISS	12	0.06	60.39	low
	MICBIJSTANDPERSOONBUS	12	0.06	63.01	low
	ODIN	12	0.06	68.59	low
	OORLVERZETPERSOONMNDBEDRAGBUS	12	0.06	70.14	low
	PIAAC	12	0.06	72.66	low
	SCHTAB	12	0.06	79.39	low
	VMR	12	0.06	88.77	low
	VRKTAB	12	0.06	89.16	low
	VSLGWTAB	12	0.06	92.86	low
	BRINHOTAB	11	0.06	11.34	low
	BUS_TRANS	11	0.06	12.13	low
	EWL	11	0.06	19.80	low
	GEBOORTEPLAATS	11	0.06	37.28	low
	NIVELKOPPEL	11	0.06	68.38	low
	PS_HANDELSBEMIDDELING	11	0.06	77.17	low
	BIJSTANDPERSOONMNDBEDRAGBUS	10	0.05	10.60	low
	EUSILC	10	0.05	19.74	low
	EWLBUS	10	0.05	19.85	low
	EXAMENCIJFERS_VO	10	0.05	19.90	low
	FAILONTSLAGTAB	10	0.05	20.56	low
	HKS	10	0.05	41.46	low
	MSZPRESTATIESVEKTTAB2020	10	0.05	63.90	low
	NABIJHEIDDETAILHTAB	10	0.05	64.56	low
	ONDERWIJSPERSONEELTAB	10	0.05	70.07	low
	SFKO	10	0.05	82.57	low
	SRGPERSOONBUS	10	0.05	85.63	low
	VRLBIJSTANDUITKERINGTAB	10	0.05	89.25	low
	VRLWUSPERSOONBUS	10	0.05	90.14	low
	WW	10	0.05	96.37	low
	ABR_BACKBONE	9	0.05	1.37	low
	DHS_KOPPEL	9	0.05	13.52	low
	GBASTANDBEVOLKINGTAB	9	0.05	36.87	low
	INSTROOMOMTAB	9	0.05	52.58	low
	MICAOTOTPERSOONBUS	9	0.05	62.93	low
	NIETVSLGWTAB	9	0.05	68.32	low
	OVUITKMNDBEDRAGBUS	9	0.05	70.82	low
	PENSAANSPRAAKOPTAB	9	0.05	71.63	low
	SIM	9	0.05	82.79	low
	VRLWUSUITKERING1ATAB	9	0.05	90.19	low
	WBO	9	0.05	94.15	low
	WOONRUIMTEEIGENDOMTAB	9	0.05	95.12	low
	ZEA	9	0.05	97.51	low
	ADOPTIEKINDEREN	8	0.04	1.79	low
	AOWUITKERING1ATAB	8	0.04	4.57	low
	AOW_UITKERINGEN	8	0.04	4.68	low
	BDS	8	0.04	7.91	low
	BIJSTANDVORDERINGTAB	8	0.04	11.02	low
	JBBUS	8	0.04	55.61	low
	JHBUS	8	0.04	56.53	low
	JRBUS	8	0.04	56.57	low
	OBJECTWONINGTAB	8	0.04	68.53	low
	PGBAWBZTAB	8	0.04	72.45	low
	UWVONTSLAGTAB	8	0.04	86.64	low
	WWPERSOONMNDBEDRAGBUS	8	0.04	97.28	low
	ABW	7	0.04	1.75	low
	BFS	7	0.04	9.41	low
	EIGENAARTAB	7	0.04	18.17	low
	GECONLSM	7	0.04	38.31	low
	HDIPLOMAHBOTAB	7	0.04	41.06	low
	HDIPLOMAWOTAB	7	0.04	41.33	low
	MICANWPERSOONBUS	7	0.04	62.89	low
	MON	7	0.04	63.33	low
	PC4OADSTED	7	0.04	71.58	low
	PENSOVMNDBEDRAGBUS	7	0.04	72.07	low
	PS_ZORGPRAKTIJKEN	7	0.04	78.26	low
	SIRAGPERSOONBUS	7	0.04	82.84	low
	STUDIEBEURSMNDBEDRAGBUS	7	0.04	86.25	low
	VRLGBAADRESBUITENLANDBUS	7	0.04	89.29	low
	WOZ	7	0.04	95.19	low
	WUS	7	0.04	96.12	low
	ABR_PAB	6	0.03	1.43	low
	BRINCODES	6	0.03	11.28	low
	COOL1BIGFIVE	6	0.03	13.02	low
	COOL2BIGFIVE	6	0.03	13.06	low
	COOL_BO	6	0.03	13.15	low
	DHSDATA	6	0.03	13.47	low
	ENERGIEVERBRUIKTABZK	6	0.03	19.69	low
	FAILONTTAB	6	0.03	20.59	low
	NABIJHEIDGROENVOORZTAB	6	0.03	64.59	low
	NABIJHEIDVERKEERTAB	6	0.03	64.70	low
	NIETGBAPERSOONKTAB	6	0.03	65.99	low
	OVARBEIDMNDBEDRAGBUS	6	0.03	70.53	low
	PATENTAANVRAGEN	6	0.03	71.54	low
	PGGM	6	0.03	72.58	low
	RIJBEWIJZEN	6	0.03	78.75	low
	STUDIEBEURSJAARBEDRAGTAB	6	0.03	86.22	low
	VRLGBAOVERLIJDENTAB	6	0.03	89.73	low
	ANW	5	0.03	2.01	low
	AOTOTPERSOONMNDBEDRAGBUS	5	0.03	3.37	low
	ARBBUITLANDMNDBEDRAGBUS	5	0.03	4.84	low
	CWI_NWW	5	0.03	13.37	low
	DHS	5	0.03	13.44	low
	EERSTEDIPLOMAHOTAB	5	0.03	18.13	low
	GBAVERBINTENISSENMASSATAB	5	0.03	37.13	low
	IOWUITKERING1ATAB	5	0.03	53.48	low
	LANDBOUWTELLINGEN	5	0.03	59.23	low
	LSM	5	0.03	61.82	low
	MOSA	5	0.03	63.36	low
	NABIJHEIDHORECATAB	5	0.03	64.62	low
	NABIJHEIDONDERWIJSTAB	5	0.03	64.66	low
	NVS	5	0.03	68.48	low
	OVG	5	0.03	70.56	low
	POLISHOOFBAANBUS	5	0.03	73.73	low
	PRODCOM	5	0.03	75.25	low
	SHNTAB	5	0.03	82.74	low
	SVO	5	0.03	86.28	low
	SWL_regio	5	0.03	86.31	low
	VOLKSTELLING	5	0.03	88.88	low
	VRLGBABURGERLIJKESTAATBUS	5	0.03	89.47	low
	VRLGBAMIGRATIEBUS	5	0.03	89.69	low
	WONINGTAB	5	0.03	94.77	low
	CCO	4	0.02	12.30	low
	CPI	4	0.02	13.20	low
	EIGENDOMTABZK	4	0.02	18.67	low
	GBAKINDBUS	4	0.02	28.45	low
	HALT	4	0.02	40.81	low
	INTSO	4	0.02	53.18	low
	MICWWPERSOONBUS	4	0.02	63.03	low
	NABIJHEIDCULTUURTAB	4	0.02	64.51	low
	NABIJHEIDKINDOPVTAB	4	0.02	64.64	low
	NLSTAB	4	0.02	68.41	low
	NND	4	0.02	68.43	low
	OUTWARD_FATS	4	0.02	70.34	low
	PHSG	4	0.02	72.60	low
	PN	4	0.02	72.78	low
	SHAREWAVE1	4	0.02	82.60	low
	SHAREWAVE2	4	0.02	82.62	low
	SHAREWAVE4	4	0.02	82.65	low
	SHAREWAVE5	4	0.02	82.67	low
	SHAREWAVE6	4	0.02	82.69	low
	SIRWWPERSOONBUS	4	0.02	82.87	low
	UWVONTAANVTAB	4	0.02	86.60	low
	VAVO_DEELNAME	4	0.02	86.76	low
	VOORRMUTWOONNIETWOONTAB	4	0.02	88.90	low
	VRLAOTOTUITKERINGINT	4	0.02	89.18	low
	VRLAOTOTUITKERINGTAB	4	0.02	89.20	low
	VTO	4	0.02	93.77	low
	ABR_HABR	3	0.02	1.39	low
	AKT	3	0.02	1.96	low
	AKWUITKERING1ATAB	3	0.02	1.97	low
	AKWUITKERING1BTAB	3	0.02	1.99	low
	ANWMNDBEDRAGBUS	3	0.02	2.12	low
	AOWMNDBEDRAGBUS	3	0.02	4.42	low
	ARBEIDSAANBODPANEL	3	0.02	4.85	low
	AZWWNE_I	3	0.02	4.88	low
	AZWWNE_II	3	0.02	4.90	low
	BEIDSMETVESTIGINGSINFO	3	0.02	8.39	low
	Bedrijfsopleidingen	3	0.02	12.14	low
	DEELTIJDFACTORBAANBUS	3	0.02	13.40	low
	GBALEVENDGEBORENENMASSATAB	3	0.02	28.47	low
	GBANATGEWIJZIGDENMASSABUS	3	0.02	29.47	low
	GRBSTAB	3	0.02	40.70	low
	LAS	3	0.02	59.25	low
	LINH-VERRICHTINGEN	3	0.02	60.26	low
	LSB	3	0.02	61.79	low
	MICAOWPERSOONBUS	3	0.02	62.95	low
	NSN	3	0.02	68.44	low
	PENSAANSPRAAKPPTAB	3	0.02	71.64	low
	PS_ZORGPRAKTIJKENREVISIE	3	0.02	78.28	low
	RAVTAB	3	0.02	78.45	low
	SDI	3	0.02	79.41	low
	SECMPOSWRKBUS	3	0.02	81.84	low
	SHAREWAVE3	3	0.02	82.63	low
	SHAREnl_koppeltabel	3	0.02	82.71	low
	SING	3	0.02	82.80	low
	SLVO	3	0.02	82.97	low
	SMVO	3	0.02	82.99	low
	STANDGEDETINEERDENTAB	3	0.02	85.93	low
	UITKBUITLANDMNDBEDRAGBUS	3	0.02	86.42	low
	UWVTRAAGGTAB	3	0.02	86.65	low
	VERKEERSPRESTATIETAB	3	0.02	88.61	low
	VKDTAB	3	0.02	88.71	low
	WERKONDERZOEK	3	0.02	94.25	low
	WOON_VERHUISMODULE	3	0.02	95.15	low
	WUS_DT	3	0.02	96.32	low
	cool1gr2longitudinaalvoorCBS	3	0.02	99.97	low
	cool2gr2voorCBS	3	0.02	99.98	low
	cool3gr2voorCBS	3	0.02	100.00	low
	ABR_GPSKADER	2	0.01	1.38	low
	AFSTANDSCHOLEN	2	0.01	1.94	low
	BEONTTAB	2	0.01	8.40	low
	BIJSTANDPERSOONJAARBEDRAGTAB	2	0.01	10.55	low
	CWI	2	0.01	13.22	low
	DEELCERTIFICATENVAVOTAB	2	0.01	13.39	low
	DGGBAPERSOONTAB	2	0.01	13.41	low
	FINMON	2	0.01	20.60	low
	GBAVERWEDUWDENMASSABUS	2	0.01	37.14	low
	GBA_PARTNERS	2	0.01	37.22	low
	GEMON_L	2	0.01	39.23	low
	GPE	2	0.01	40.69	low
	HJLKTAB	2	0.01	41.41	low
	LBT_FD	2	0.01	59.26	low
	LINH-CLIÃ‹NTEN	2	0.01	60.23	low
	LINH-EPISODE	2	0.01	60.24	low
	LOGIESINVENT	2	0.01	61.78	low
	LSO	2	0.01	61.83	low
	LWW_EU	2	0.01	61.84	low
	MILKBED	2	0.01	63.28	low
	MLKLASSEBUS	2	0.01	63.30	low
	NEA_TNO	2	0.01	65.28	low
	OBJECTENERGIELABELSTAB	2	0.01	68.49	low
	ONDERZOEKGEZINSVORMING	2	0.01	70.08	low
	PNB	2	0.01	72.79	low
	SESWOA	2	0.01	82.42	low
	SIRAGVOORZIENINGENBUS	2	0.01	82.85	low
	TBO	2	0.01	86.32	low
	UWV_ACBWSW	2	0.01	86.68	low
	UWV_SIR	2	0.01	86.70	low
	VAVO-DIPL	2	0.01	86.74	low
	VRLGBANATIONALITEITBUS	2	0.01	89.70	low
	WIA	2	0.01	94.36	low
	WOON-WERK	2	0.01	95.08	low
	WOONRUIMTESOORTBUS	2	0.01	95.14	low
	AES	1	0.01	1.93	low
	ANWPERSOONMNDBEDRAGBUS	1	0.01	2.24	low
	AOWPERSOONMNDBEDRAGBUS	1	0.01	4.53	low
	AOW_UITKERINGEN BIJSTANDJAARBEDRAGTAB..	1	0.01	4.69	low
	AZWWGE_I	1	0.01	4.86	low
	AZWWGE_II	1	0.01	4.86	low
	BAANKENMERKENBUS BAANKENMERKENBUS BAA..	1	0.01	6.03	low
	BIGBUS	1	0.01	9.41	low
	BIJZONDEREBIJSTANDUITKERINGEIND	1	0.01	11.02	low
	BLV	1	0.01	11.09	low
	BUITENGEWICHT	1	0.01	11.95	low
	CENTROIDPC6	1	0.01	12.30	low
	CILS_KOPPEL	1	0.01	12.31	low
	CILS_WAVE1	1	0.01	12.31	low
	CILS_WAVE1_TRACKDATA	1	0.01	12.32	low
	CILS_WAVE2	1	0.01	12.32	low
	CILS_WAVE2_TRACKDATA	1	0.01	12.33	low
	CILS_WAVE3	1	0.01	12.33	low
	CILS_WAVE3_TRACKDATA	1	0.01	12.34	low
	CILS_WAVE4	1	0.01	12.34	low
	CILS_WAVE5	1	0.01	12.35	low
	CILS_WAVE6	1	0.01	12.35	low
	CILS_WAVE7	1	0.01	12.36	low
	COOL258RinPBepalen201302CBKV1	1	0.01	13.02	low
	COOLGroep25KOHNSTAMM20101207CBKBasisb..	1	0.01	13.12	low
	COOL_BO_SPECIAAL_Koppel	1	0.01	13.16	low
	COOL_cohortonderzoek_5-18_BO_derdemet..	1	0.01	13.16	low
	COOL_cohortonderzoek_5-18_BO_eersteme..	1	0.01	13.17	low
	COOL_cohortonderzoek_5-18_BO_tweedeme..	1	0.01	13.17	low
	CPICN	1	0.01	13.20	low
	CV_SLI	1	0.01	13.21	low
	CWI_BEMIDDELING	1	0.01	13.34	low
	CWI_VERWIJZINGEN	1	0.01	13.37	low
	DBCGGZOVERIGEZORGPRODUCTENTAB	1	0.01	13.38	low
	DVC	1	0.01	16.36	low
	EBBVR	1	0.01	18.09	low
	EBWLZBUS	1	0.01	18.09	low
	EBWMOVBLBUS	1	0.01	18.10	low
	EBWMOZTHTAB	1	0.01	18.10	low
	EDUCATIE_DEELNAME	1	0.01	18.11	low
	ENERGIELABELCERTIFICATENWONINGEN	1	0.01	19.49	low
	EXAMVOVAKINT	1	0.01	20.30	low
	EXPLZWEMSPORT	1	0.01	20.44	low
	GBAADRESBUITENLANDBUS	1	0.01	20.61	low
	GBASTERFTENMASSATAB	1	0.01	36.87	low
	GBA_IMMDATUM	1	0.01	37.15	low
	GVCIS	1	0.01	40.71	low
	HERWWTAB	1	0.01	41.33	low
	KENHUURCN	1	0.01	56.66	low
	LBT	1	0.01	59.25	low
	LOGIESEXPLPROV	1	0.01	61.76	low
	LOGIESEXPLTG	1	0.01	61.77	low
	MKB	1	0.01	63.29	low
	MZJ	1	0.01	64.49	low
	NBO	1	0.01	64.86	low
	NDS	1	0.01	64.97	low
	NKO	1	0.01	68.38	low
	NKPS	1	0.01	68.39	low
	NTR_KOPPEL	1	0.01	68.45	low
	OBW	1	0.01	68.53	low
	OII	1	0.01	68.60	low
	PMU	1	0.01	72.76	low
	POLS_SLI	1	0.01	75.09	low
	PS_ZORGINSTELLINGEN	1	0.01	78.23	low
	SECMECZLFHBUS	1	0.01	81.62	low
	SEP	1	0.01	82.41	low
	SGIN	1	0.01	82.58	low
	SHAREWAVEX	1	0.01	82.70	low
	SO25	1	0.01	82.99	low
	SRGREINTEGRATIEPOSITIEBUS	1	0.01	85.72	low
	SUWVONTSLAGVERGUNTAB	1	0.01	86.26	low
	UWVTRAAGGTABULT	1	0.01	86.66	low
	UWVTRAPERSAGGTAB	1	0.01	86.67	low
	UWV_AG	1	0.01	86.68	low
	UWV_HSBNUL	1	0.01	86.69	low
	UWV_MIR	1	0.01	86.69	low
	UWV_SLAP	1	0.01	86.71	low
	UWV_TRAJECTEN	1	0.01	86.71	low
	UWV_WERKBEDRIJVEN-CONTACTEN	1	0.01	86.72	low
	UWV_WERKBEDRIJVEN-NWW	1	0.01	86.72	low
	UWV_WW-TRAJECTEN	1	0.01	86.73	low
	VBOWONINGTYPETAB	1	0.01	86.76	low
	VO	1	0.01	88.77	low
	VRIJSTELLINGENINT	1	0.01	89.10	low
	VRLGBAPERSOONKTAB	1	0.01	89.73	low
	VRLHUWELIJKSGESCHIEDENISBUS	1	0.01	89.86	low
	VRLNIKPBUS	1	0.01	90.08	low
	VRLOBJECTWOONMUTTAB	1	0.01	90.08	low
	VRLSRGPERSONENTAB	1	0.01	90.09	low
	WERKNEMERSKENMERKEN	1	0.01	94.23	low
	WIW	1	0.01	94.37	low
	ZVPERC	1	0.01	98.84	low
	ZVWELVTAB	1	0.01	98.84	low
	ZVWZZGTAB	1	0.01	99.81	low
					
	Total	19.363	100.00		